"latitude","longitude","country","country_code","year","value","score","gdp","support","life_expectancy","freedom","trust","generosity"
41.153332,20.168331,"Albania","ALB",2015,32.8,4.959,0.87867,0.80434,0.81325,0.35733,"0.06413",0.14272
40.069099,45.038189,"Armenia","ARM",2015,32.4,4.35,0.76821,0.77711,0.7299,0.19847,"0.039",0.07855
47.516231,14.550072,"Austria","AUT",2015,30.5,7.2,1.33723,1.29704,0.89042,0.62433,"0.18676",0.33088
50.503887,4.469936,"Belgium","BEL",2015,27.7,6.937,1.30782,1.28566,0.89667,0.5845,"0.2254",0.2225
42.733883,25.48583,"Bulgaria","BGR",2015,38.6,4.218,1.01216,1.10614,0.76649,0.30587,"0.00872",0.11921
9.30769,2.315834,"Benin","BEN",2015,47.8,3.34,0.28665,0.35386,0.3191,0.4845,"0.0801",0.1826
-16.290154,-63.588653,"Bolivia","BOL",2015,46.7,5.89,0.68133,0.97841,0.5392,0.57414,"0.088",0.20536
-14.235004,-51.92528,"Brazil","BRA",2015,51.9,6.983,0.98124,1.23287,0.69702,0.49049,"0.17521",0.14574
-22.328474,24.684866,"Botswana","BWA",2015,53.3,4.332,0.99355,1.10464,0.04776,0.49495,"0.12474",0.10461
53.709807,27.953389,"Belarus","BLR",2015,25.6,5.813,1.03192,1.23289,0.73608,0.37938,"0.1909",0.11046
56.130366,-106.346771,"Canada","CAN",2015,33.7,7.427,1.32629,1.32261,0.90563,0.63297,"0.32957",0.45811
46.818188,8.227512,"Switzerland","CHE",2015,32.3,7.587,1.39651,1.34951,0.94143,0.66557,"0.41978",0.29678
-35.675147,-71.542969,"Chile","CHL",2015,44.4,6.67,1.10715,1.12447,0.85857,0.44132,"0.12869",0.33363
35.86166,104.195397,"China","CHN",2015,38.6,5.14,0.89012,0.94675,0.81658,0.51697,"0.02781",0.08185
4.570868,-74.297333,"Colombia","COL",2015,51,6.477,0.91861,1.24018,0.69077,0.53466,"0.0512",0.18401
9.748917,-83.753428,"Costa Rica","CRI",2015,48.4,7.226,0.95578,1.23788,0.86027,0.63376,"0.10583",0.25497
35.126413,33.429859,"Cyprus","CYP",2015,34,5.689,1.20813,0.89318,0.92356,0.40672,"0.06146",0.30638
51.165691,10.451526,"Germany","DEU",2015,31.6,6.75,1.32792,1.29937,0.89186,0.61477,"0.21843",0.28214
56.26392,9.501785,"Denmark","DNK",2015,28.2,7.527,1.32548,1.36058,0.87464,0.64938,"0.48357",0.34139
18.735693,-70.162651,"Dominican Republic","DOM",2015,45.2,4.885,0.89537,1.17202,0.66825,0.57672,"0.14234",0.21684
-1.831239,-78.183406,"Ecuador","ECU",2015,46,5.975,0.86402,0.99903,0.79075,0.48574,"0.1809",0.11541
58.595272,25.013607,"Estonia","EST",2015,32.7,5.429,1.15174,1.22791,0.77361,0.44888,"0.15184",0.0868
40.463667,-3.74922,"Spain","ESP",2015,36.2,6.329,1.23011,1.31379,0.95562,0.45951,"0.06398",0.18227
9.145,40.489673,"Ethiopia","ETH",2015,35,4.512,0.19073,0.60406,0.44055,0.4345,"0.15048",0.24325
61.92411,25.748151,"Finland","FIN",2015,27.1,7.406,1.29025,1.31826,0.88911,0.64169,"0.41372",0.23351
46.227638,2.213749,"France","FRA",2015,32.7,6.575,1.27778,1.26038,0.94579,0.55011,"0.20646",0.12332
55.378051,-3.435973,"United Kingdom","GBR",2015,33.2,6.867,1.26637,1.28548,0.90943,0.59625,"0.32067",0.51912
42.315407,43.356892,"Georgia","GEO",2015,36.5,4.297,0.7419,0.38562,0.72926,0.40577,"0.38331",0.05547
39.074208,21.824312,"Greece","GRC",2015,36,4.857,1.15406,0.92933,0.88213,0.07699,"0.01397",0
15.199999,-86.241905,"Honduras","HND",2015,49.2,4.788,0.59532,0.95348,0.6951,0.40148,"0.06825",0.23027
45.1,15.2,"Croatia","HRV",2015,31.1,5.759,1.08254,0.79624,0.78805,0.25883,"0.0243",0.05444
47.162494,19.503304,"Hungary","HUN",2015,30.4,4.8,1.12094,1.20215,0.75905,0.32112,"0.02758",0.128
-0.789275,113.921327,"Indonesia","IDN",2015,40.4,5.399,0.82827,1.08708,0.63793,0.46611,"0",0.51535
53.41291,-8.24389,"Ireland","IRL",2015,31.8,6.94,1.33596,1.36948,0.89533,0.61777,"0.28703",0.45901
31.046051,34.851612,"Israel","ISR",2015,39.7,7.278,1.22857,1.22393,0.91387,0.41319,"0.07785",0.33172
20.593684,78.96288,"India","IND",2015,34.7,4.565,0.64499,0.38174,0.51529,0.39786,"0.08492",0.26475
64.963051,-19.020835,"Iceland","ISL",2015,26.8,7.561,1.30232,1.40223,0.94784,0.62877,"0.14145",0.4363
41.87194,12.56738,"Italy","ITA",2015,35.4,5.948,1.25114,1.19777,0.95446,0.26236,"0.02901",0.22823
-0.023559,37.906193,"Kenya","KEN",2015,40.8,4.419,0.36471,0.99876,0.41435,0.42215,"0.05839",0.37542
48.019573,66.923684,"Kazakhstan","KAZ",2015,26.8,5.855,1.12254,1.12241,0.64368,0.51649,"0.08454",0.11827
55.169438,23.881275,"Lithuania","LTU",2015,37.4,5.833,1.14723,1.25745,0.73128,0.21342,"0.01031",0.02641
49.815273,6.129583,"Luxembourg","LUX",2015,32.9,6.946,1.56391,1.21963,0.91894,0.61583,"0.37798",0.28034
56.879635,24.603189,"Latvia","LVA",2015,34.2,5.098,1.11312,1.09562,0.72437,0.29671,"0.06332",0.18226
47.411631,28.369885,"Moldova","MDA",2015,27,5.889,0.59448,1.01528,0.61826,0.32818,"0.01615",0.20951
42.708678,19.37439,"Montenegro","MNE",2015,39,5.192,0.97438,0.90557,0.72521,0.1826,"0.14296",0.1614
21.913965,95.956223,"Myanmar","MMR",2015,38.1,4.307,0.27108,0.70905,0.48246,0.44017,"0.19034",0.79588
35.937496,14.375416,"Malta","MLT",2015,29.4,6.302,1.2074,1.30203,0.88721,0.60365,"0.13586",0.51752
4.210484,101.975766,"Malaysia","MYS",2015,41.1,5.77,1.12486,1.07023,0.72394,0.53024,"0.10501",0.33075
9.081999,8.675277,"Nigeria","NGA",2015,35.9,5.268,0.65435,0.90432,0.16007,0.34334,"0.0403",0.27233
52.132633,5.291266,"Netherlands","NLD",2015,28.2,7.378,1.32944,1.28017,0.89284,0.61576,"0.31814",0.4761
60.472024,8.468946,"Norway","NOR",2015,27.5,7.522,1.459,1.33095,0.88521,0.66973,"0.36503",0.34699
8.537981,-80.782127,"Panama","PAN",2015,50.8,6.786,1.06353,1.1985,0.79661,0.5421,"0.0927",0.24434
-9.189967,-75.015152,"Peru","PER",2015,43.4,5.824,0.90019,0.97459,0.73017,0.41496,"0.05989",0.14982
12.879721,121.774017,"Philippines","PHL",2015,44.6,5.073,0.70532,1.03516,0.58114,0.62545,"0.12279",0.24991
30.375321,69.345116,"Pakistan","PAK",2015,31.3,5.194,0.59543,0.41411,0.51466,0.12102,"0.10464",0.33671
51.919438,19.145136,"Poland","POL",2015,31.8,5.791,1.12555,1.27948,0.77903,0.53122,"0.04212",0.16759
39.399872,-8.224454,"Portugal","PRT",2015,35.5,5.102,1.15991,1.13935,0.87519,0.51469,"0.01078",0.13719
-23.442503,-58.443832,"Paraguay","PRY",2015,47.6,5.878,0.75985,1.30477,0.66098,0.53899,"0.08242",0.3424
45.943161,24.96676,"Romania","ROU",2015,35.9,5.124,1.04345,0.88588,0.7689,0.35068,"0.00649",0.13748
44.016521,21.005859,"Serbia","SRB",2015,40.5,5.123,0.92053,1.00964,0.74836,0.20107,"0.02617",0.19231
60.128161,18.643501,"Sweden","SWE",2015,29.2,7.364,1.33171,1.28907,0.91087,0.6598,"0.43844",0.36262
46.151241,14.995463,"Slovenia","SVN",2015,25.4,5.848,1.18498,1.27385,0.87337,0.60855,"0.03787",0.25328
13.794185,-88.89653,"El Salvador","SLV",2015,40.6,6.13,0.76454,1.02507,0.67737,0.4035,"0.11776",0.10692
8.619543,0.824782,"Togo","TGO",2015,43.1,2.839,0.20868,0.13995,0.28443,0.36453,"0.10731",0.16681
15.870032,100.992541,"Thailand","THA",2015,36,6.455,0.9669,1.26504,0.7385,0.55664,"0.03187",0.5763
38.861034,71.276093,"Tajikistan","TJK",2015,34,4.786,0.39047,0.85563,0.57379,0.47216,"0.15072",0.22974
33.886917,9.537499,"Tunisia","TUN",2015,32.8,4.739,0.88113,0.60429,0.73793,0.26268,"0.06358",0.06431
48.379433,31.16558,"Ukraine","UKR",2015,25.5,4.681,0.79907,1.20278,0.6739,0.25123,"0.02961",0.15275
37.09024,-95.712891,"United States","USA",2015,41.2,7.119,1.39451,1.24711,0.86179,0.54604,"0.1589",0.40105
-32.522779,-55.765835,"Uruguay","URY",2015,40.1,6.485,1.06166,1.2089,0.8116,0.60362,"0.24558",0.2324
42.602636,20.902977,"Kosovo","XKX",2015,26.5,5.589,0.80148,0.81198,0.63132,0.24749,"0.04741",0.2831
-13.133897,27.849332,"Zambia","ZMB",2015,57.1,5.129,0.47038,0.91612,0.29924,0.48827,"0.12468",0.19591
41.153332,20.168331,"Albania","ALB",2016,33.7,4.655,0.9553,0.50163,0.73007,0.31866,"0.05301",0.1684
40.069099,45.038189,"Armenia","ARM",2016,32.5,4.36,0.86086,0.62477,0.64083,0.14037,"0.03616",0.07793
-38.416097,-63.616672,"Argentina","ARG",2016,42,6.65,1.15137,1.06612,0.69711,0.42284,"0.07296",0.10989
47.516231,14.550072,"Austria","AUT",2016,30.8,7.119,1.45038,1.08383,0.80565,0.54355,"0.21348",0.32865
-25.274398,133.775136,"Australia","AUS",2016,33.7,7.313,1.44443,1.10476,0.8512,0.56837,"0.32331",0.47407
23.684994,90.356331,"Bangladesh","BGD",2016,32.4,4.643,0.54177,0.24749,0.52989,0.39778,"0.12583",0.19132
50.503887,4.469936,"Belgium","BEL",2016,27.6,6.929,1.42539,1.05249,0.81959,0.51354,"0.26248",0.2424
42.733883,25.48583,"Bulgaria","BGR",2016,40.6,4.217,1.11306,0.92542,0.67806,0.21219,"0.00615",0.12793
-16.290154,-63.588653,"Bolivia","BOL",2016,45.3,5.822,0.79422,0.83779,0.4697,0.50961,"0.07746",0.21698
-14.235004,-51.92528,"Brazil","BRA",2016,53.3,6.952,1.08754,1.03938,0.61415,0.40425,"0.14166",0.15776
53.709807,27.953389,"Belarus","BLR",2016,25.3,5.802,1.13062,1.04993,0.63104,0.29091,"0.17457",0.13942
56.130366,-106.346771,"Canada","CAN",2016,32.7,7.404,1.44015,1.0961,0.8276,0.5737,"0.31329",0.44834
46.818188,8.227512,"Switzerland","CHE",2016,33,7.509,1.52733,1.14524,0.86303,0.58557,"0.41203",0.28083
35.86166,104.195397,"China","CHN",2016,38.5,5.245,1.0278,0.79381,0.73561,0.44012,"0.02745",0.04959
4.570868,-74.297333,"Colombia","COL",2016,50.6,6.481,1.03032,1.02169,0.59659,0.44735,"0.05399",0.15626
9.748917,-83.753428,"Costa Rica","CRI",2016,48.7,7.087,1.06879,1.02152,0.76146,0.55225,"0.10547",0.22553
35.126413,33.429859,"Cyprus","CYP",2016,32.9,5.546,1.31857,0.70697,0.8488,0.29507,"0.05228",0.27906
51.165691,10.451526,"Germany","DEU",2016,31.6,6.994,1.44787,1.09774,0.81487,0.53466,"0.28551",0.30452
56.26392,9.501785,"Denmark","DNK",2016,28.2,7.526,1.44178,1.16374,0.79504,0.57941,"0.44453",0.36171
18.735693,-70.162651,"Dominican Republic","DOM",2016,45.7,5.155,1.02787,0.99496,0.57669,0.52259,"0.12372",0.21286
-1.831239,-78.183406,"Ecuador","ECU",2016,45,5.976,0.97306,0.85974,0.68613,0.4027,"0.18037",0.10074
58.595272,25.013607,"Estonia","EST",2016,31.2,5.517,1.27964,1.05163,0.68098,0.41511,"0.18519",0.08423
40.463667,-3.74922,"Spain","ESP",2016,35.8,6.361,1.34253,1.12945,0.87896,0.37545,"0.06137",0.17665
61.92411,25.748151,"Finland","FIN",2016,27.1,7.413,1.40598,1.13464,0.81091,0.57104,"0.41004",0.25492
46.227638,2.213749,"France","FRA",2016,31.9,6.478,1.39488,1.00508,0.83795,0.46562,"0.17808",0.1216
55.378051,-3.435973,"United Kingdom","GBR",2016,34.8,6.725,1.40283,1.08672,0.80991,0.50036,"0.27399",0.50156
42.315407,43.356892,"Georgia","GEO",2016,36.6,4.252,0.83792,0.19249,0.64035,0.32461,"0.3188",0.06786
7.946527,-1.023194,"Ghana","GHA",2016,43.5,4.276,0.63107,0.49353,0.29681,0.40973,"0.0326",0.21203
39.074208,21.824312,"Greece","GRC",2016,35,5.033,1.24886,0.75473,0.80029,0.05822,"0.04127",0
15.199999,-86.241905,"Honduras","HND",2016,49.8,4.871,0.69429,0.75596,0.58383,0.26755,"0.06906",0.2044
45.1,15.2,"Croatia","HRV",2016,30.9,5.488,1.18649,0.60809,0.70524,0.23907,"0.04002",0.18434
47.162494,19.503304,"Hungary","HUN",2016,30.3,5.145,1.24142,0.93164,0.67608,0.1977,"0.04472",0.099
-0.789275,113.921327,"Indonesia","IDN",2016,39.3,5.314,0.95104,0.87625,0.49374,0.39237,"0.00322",0.56521
53.41291,-8.24389,"Ireland","IRL",2016,32.8,6.907,1.48341,1.16157,0.81455,0.54008,"0.29754",0.44963
31.046051,34.851612,"Israel","ISR",2016,39,7.267,1.33766,0.99537,0.84917,0.36432,"0.08728",0.32288
20.593684,78.96288,"India","IND",2016,34.8,4.404,0.74036,0.29247,0.45091,0.40285,"0.08722",0.25028
64.963051,-19.020835,"Iceland","ISL",2016,27.2,7.501,1.42666,1.18326,0.86733,0.56624,"0.14975",0.47678
41.87194,12.56738,"Italy","ITA",2016,35.2,5.977,1.35495,1.04167,0.85102,0.18827,"0.02556",0.16684
48.019573,66.923684,"Kazakhstan","KAZ",2016,27.2,5.919,1.22943,0.95544,0.57386,0.4052,"0.11132",0.15011
7.873054,80.771797,"Sri Lanka","LKA",2016,39.3,4.415,0.97318,0.84783,0.62007,0.50817,"0.07964",0.46978
6.428055,-9.429499,"Liberia","LBR",2016,35.3,3.622,0.10706,0.50353,0.23165,0.25748,"0.04852",0.24063
55.169438,23.881275,"Lithuania","LTU",2016,38.4,5.813,1.2692,1.06411,0.64674,0.18929,"0.0182",0.02025
49.815273,6.129583,"Luxembourg","LUX",2016,31.7,6.871,1.69752,1.03999,0.84542,0.5487,"0.35329",0.27571
56.879635,24.603189,"Latvia","LVA",2016,34.3,5.56,1.21788,0.95025,0.63952,0.27996,"0.0889",0.17445
47.411631,28.369885,"Moldova","MDA",2016,26.3,5.897,0.69177,0.83132,0.52309,0.25202,"0.01903",0.19997
42.708678,19.37439,"Montenegro","MNE",2016,38.5,5.161,1.07838,0.74173,0.63533,0.15111,"0.12721",0.17191
46.862496,103.846656,"Mongolia","MNG",2016,32.3,4.907,0.98853,1.08983,0.55469,0.35972,"0.03285",0.34539
35.937496,14.375416,"Malta","MLT",2016,29.1,6.488,1.30782,1.09879,0.80315,0.54994,"0.17554",0.56237
-13.254308,34.301525,"Malawi","MWI",2016,44.7,4.156,0.08709,0.147,0.29364,0.4143,"0.07564",0.30968
23.634501,-102.552784,"Mexico","MEX",2016,47.7,6.778,1.11508,0.7146,0.71143,0.37709,"0.18355",0.11735
52.132633,5.291266,"Netherlands","NLD",2016,28.2,7.339,1.46468,1.02912,0.81231,0.55211,"0.29927",0.47416
60.472024,8.468946,"Norway","NOR",2016,28.5,7.498,1.57744,1.1269,0.79579,0.59609,"0.35776",0.37895
8.537981,-80.782127,"Panama","PAN",2016,50.4,6.701,1.18306,0.98912,0.70835,0.48927,"0.08423",0.2418
-9.189967,-75.015152,"Peru","PER",2016,43.6,5.743,0.99602,0.81255,0.62994,0.37502,"0.05292",0.14527
51.919438,19.145136,"Poland","POL",2016,31.2,5.835,1.24585,1.04685,0.69058,0.4519,"0.055",0.14443
39.399872,-8.224454,"Portugal","PRT",2016,35.2,5.123,1.27607,0.94367,0.79363,0.44727,"0.01521",0.11691
-23.442503,-58.443832,"Paraguay","PRY",2016,47.9,5.538,0.89373,1.11111,0.58295,0.46235,"0.07396",0.25296
45.943161,24.96676,"Romania","ROU",2016,34.4,5.528,1.1697,0.72803,0.67602,0.36712,"0.00679",0.12889
44.016521,21.005859,"Serbia","SRB",2016,38.8,5.177,1.03437,0.81329,0.6458,0.15718,"0.04339",0.20737
-1.940278,29.873888,"Rwanda","RWA",2016,43.7,3.515,0.32846,0.61586,0.31865,0.5432,"0.50521",0.23552
60.128161,18.643501,"Sweden","SWE",2016,29.6,7.291,1.45181,1.08764,0.83121,0.58218,"0.40867",0.38254
46.151241,14.995463,"Slovenia","SVN",2016,24.8,5.768,1.29947,1.05613,0.79151,0.53164,"0.03635",0.25738
13.794185,-88.89653,"El Salvador","SLV",2016,40,6.068,0.8737,0.80975,0.596,0.37269,"0.10613",0.08877
15.870032,100.992541,"Thailand","THA",2016,36.9,6.474,1.0893,1.04477,0.64915,0.49553,"0.02833",0.58696
48.379433,31.16558,"Ukraine","UKR",2016,25,4.324,0.87287,1.01413,0.58628,0.12859,"0.01829",0.20363
1.373333,32.290275,"Uganda","UGA",2016,42.8,3.739,0.34719,0.90981,0.19625,0.43653,"0.06442",0.27102
37.09024,-95.712891,"United States","USA",2016,41.1,7.104,1.50796,1.04782,0.779,0.48163,"0.14868",0.41077
-32.522779,-55.765835,"Uruguay","URY",2016,39.7,6.545,1.18157,1.03143,0.72183,0.54388,"0.21394",0.18056
14.058324,108.277199,"Vietnam","VNM",2016,35.3,5.061,0.74037,0.79117,0.66157,0.55954,"0.11556",0.25075
42.602636,20.902977,"Kosovo","XKX",2016,26.7,5.401,0.90145,0.66062,0.54,0.14396,"0.06547",0.27992
41.153332,20.168331,"Albania","ALB",2017,33.1,4.64400005340576,0.996192753314972,0.803685247898102,0.731159746646881,0.381498634815216,"0.201312944293022",0.0398642159998417
40.069099,45.038189,"Armenia","ARM",2017,33.6,4.37599992752075,0.900596737861633,1.00748372077942,0.637524425983429,0.198303267359734,"0.0834880918264389",0.0266744215041399
-38.416097,-63.616672,"Argentina","ARG",2017,41.1,6.59899997711182,1.18529546260834,1.44045114517212,0.695137083530426,0.494519203901291,"0.109457060694695",0.059739887714386
47.516231,14.550072,"Austria","AUT",2017,29.7,7.00600004196167,1.48709726333618,1.4599449634552,0.815328419208527,0.567766189575195,"0.316472321748734",0.221060365438461
50.503887,4.469936,"Belgium","BEL",2017,27.4,6.89099979400635,1.46378076076508,1.46231269836426,0.818091869354248,0.539770722389221,"0.231503337621689",0.251343131065369
42.733883,25.48583,"Bulgaria","BGR",2017,40.4,4.71400022506714,1.1614590883255,1.43437945842743,0.708217680454254,0.289231717586517,"0.113177694380283",0.0110515309497714
-16.290154,-63.588653,"Bolivia","BOL",2017,44.6,5.82299995422363,0.833756566047668,1.22761905193329,0.473630249500275,0.558732926845551,"0.22556072473526",0.0604777261614799
-14.235004,-51.92528,"Brazil","BRA",2017,53.3,6.63500022888184,1.10735321044922,1.43130600452423,0.616552352905273,0.437453746795654,"0.16234989464283",0.111092761158943
27.514162,90.433601,"Bhutan","BTN",2017,37.4,5.01100015640259,0.885416388511658,1.34012651443481,0.495879292488098,0.501537680625916,"0.474054545164108",0.173380389809608
53.709807,27.953389,"Belarus","BLR",2017,25.4,5.56899976730347,1.15655755996704,1.44494521617889,0.637714266777039,0.295400261878967,"0.15513750910759",0.156313821673393
56.130366,-106.346771,"Canada","CAN",2017,33.3,7.31599998474121,1.47920441627502,1.48134899139404,0.83455765247345,0.611100912094116,"0.435539722442627",0.287371516227722
46.818188,8.227512,"Switzerland","CHE",2017,32.7,7.49399995803833,1.56497955322266,1.51691174507141,0.858131289482117,0.620070576667786,"0.290549278259277",0.367007285356522
-35.675147,-71.542969,"Chile","CHL",2017,44.4,6.65199995040894,1.25278460979462,1.28402495384216,0.819479703903198,0.376895278692245,"0.326662421226501",0.0822879821062088
35.86166,104.195397,"China","CHN",2017,39.1,5.27299976348877,1.08116579055786,1.16083741188049,0.741415500640869,0.472787708044052,"0.0288068410009146",0.0227942746132612
4.570868,-74.297333,"Colombia","COL",2017,49.7,6.35699987411499,1.07062232494354,1.4021829366684,0.595027923583984,0.477487415075302,"0.149014472961426",0.0466687418520451
9.748917,-83.753428,"Costa Rica","CRI",2017,48.3,7.0789999961853,1.10970628261566,1.41640365123749,0.759509265422821,0.580131649971008,"0.214613229036331",0.100106589496136
35.126413,33.429859,"Cyprus","CYP",2017,31.4,5.62099981307983,1.35593807697296,1.13136327266693,0.84471470117569,0.355111539363861,"0.271254301071167",0.0412379764020443
51.165691,10.451526,"Germany","DEU",2017,31.2,6.95100021362305,1.48792338371277,1.47252035140991,0.798950731754303,0.562511384487152,"0.336269170045853",0.276731938123703
56.26392,9.501785,"Denmark","DNK",2017,28.7,7.52199983596802,1.48238301277161,1.55112159252167,0.792565524578094,0.626006722450256,"0.355280488729477",0.40077006816864
18.735693,-70.162651,"Dominican Republic","DOM",2017,42.2,5.23000001907349,1.07937383651733,1.40241670608521,0.574873745441437,0.55258983373642,"0.186967849731445",0.113945253193378
-1.831239,-78.183406,"Ecuador","ECU",2017,44.7,6.00799989700317,1.00082039833069,1.28616881370544,0.685636222362518,0.4551981985569,"0.150112465023994",0.140134647488594
58.595272,25.013607,"Estonia","EST",2017,30.4,5.61100006103516,1.32087934017181,1.47667109966278,0.695168316364288,0.479131430387497,"0.0988908112049103",0.183248922228813
40.463667,-3.74922,"Spain","ESP",2017,34.7,6.40299987792969,1.38439786434174,1.53209090232849,0.888960599899292,0.408781230449677,"0.190133571624756",0.0709140971302986
61.92411,25.748151,"Finland","FIN",2017,27.4,7.4689998626709,1.44357192516327,1.5402467250824,0.80915766954422,0.617950856685638,"0.24548277258873",0.38261154294014
46.227638,2.213749,"France","FRA",2017,31.6,6.44199991226196,1.43092346191406,1.38777685165405,0.844465851783752,0.470222115516663,"0.129762306809425",0.172502428293228
-0.803689,11.609444,"Gabon","GAB",2017,38,4.46500015258789,1.1982102394104,1.1556202173233,0.356578588485718,0.312328577041626,"0.0437853783369064",0.0760467872023582
55.378051,-3.435973,"United Kingdom","GBR",2017,35.1,6.71400022506714,1.44163393974304,1.49646008014679,0.805335938930511,0.508190035820007,"0.492774158716202",0.265428066253662
42.315407,43.356892,"Georgia","GEO",2017,37.9,4.28599977493286,0.950612664222717,0.57061493396759,0.649546980857849,0.309410035610199,"0.0540088154375553",0.251666635274887
39.074208,21.824312,"Greece","GRC",2017,34.4,5.22700023651123,1.28948748111725,1.23941457271576,0.810198903083801,0.0957312509417534,"0",0.04328977689147
15.199999,-86.241905,"Honduras","HND",2017,49.4,5.18100023269653,0.730573117733002,1.14394497871399,0.582569479942322,0.348079860210419,"0.236188873648643",0.0733454525470734
45.1,15.2,"Croatia","HRV",2017,30.4,5.29300022125244,1.22255623340607,0.96798300743103,0.701288521289825,0.255772292613983,"0.248002976179123",0.0431031100451946
47.162494,19.503304,"Hungary","HUN",2017,30.6,5.32399988174438,1.2860119342804,1.34313309192657,0.687763452529907,0.175863519310951,"0.0784016624093056",0.0366369374096394
-0.789275,113.921327,"Indonesia","IDN",2017,38.8,5.26200008392334,0.995538592338562,1.27444469928741,0.492345720529556,0.443323463201523,"0.611704587936401",0.0153171354904771
53.41291,-8.24389,"Ireland","IRL",2017,31.4,6.97700023651123,1.53570663928986,1.55823111534119,0.80978262424469,0.573110342025757,"0.42785832285881",0.29838815331459
31.046051,34.851612,"Israel","ISR",2017,38.2,7.21299982070923,1.37538242340088,1.37628996372223,0.83840399980545,0.405988603830338,"0.330082654953003",0.0852421000599861
20.593684,78.96288,"India","IND",2017,35.9,4.31500005722046,0.792221248149872,0.754372596740723,0.455427616834641,0.469987004995346,"0.231538489460945",0.0922268852591515
64.963051,-19.020835,"Iceland","ISL",2017,26.1,7.50400018692017,1.480633020401,1.6105740070343,0.833552122116089,0.627162635326385,"0.475540220737457",0.153526559472084
41.87194,12.56738,"Italy","ITA",2017,35.9,5.96400022506714,1.39506661891937,1.44492328166962,0.853144347667694,0.256450712680817,"0.17278964817524",0.0280280914157629
48.019573,66.923684,"Kazakhstan","KAZ",2017,27.5,5.81899976730347,1.28455626964569,1.38436901569366,0.606041550636292,0.437454283237457,"0.201964423060417",0.119282886385918
-29.609988,28.233608,"Lesotho","LSO",2017,44.9,3.80800008773804,0.521021246910095,1.19009518623352,0,0.390661299228668,"0.157497271895409",0.119094640016556
55.169438,23.881275,"Lithuania","LTU",2017,37.3,5.90199995040894,1.31458234786987,1.47351610660553,0.62894994020462,0.234231784939766,"0.010164656676352",0.0118656428530812
49.815273,6.129583,"Luxembourg","LUX",2017,34.5,6.86299991607666,1.74194359779358,1.45758366584778,0.845089495182037,0.59662789106369,"0.283180981874466",0.31883442401886
56.879635,24.603189,"Latvia","LVA",2017,35.6,5.84999990463257,1.26074862480164,1.40471494197845,0.638566970825195,0.325707912445068,"0.153074786067009",0.0738427266478539
47.411631,28.369885,"Moldova","MDA",2017,25.9,5.83799982070923,0.728870630264282,1.25182557106018,0.589465200901031,0.240729048848152,"0.208779126405716",0.0100912861526012
42.708678,19.37439,"Montenegro","MNE",2017,36.9,5.23699998855591,1.12112903594971,1.23837649822235,0.667464673519135,0.194989055395126,"0.197911024093628",0.0881741940975189
21.913965,95.956223,"Myanmar","MMR",2017,30.7,4.54500007629395,0.367110550403595,1.12323594093323,0.397522568702698,0.514492034912109,"0.838075160980225",0.188816204667091
35.937496,14.375416,"Malta","MLT",2017,29.2,6.52699995040894,1.34327983856201,1.48841166496277,0.821944236755371,0.588767051696777,"0.574730575084686",0.153066068887711
52.132633,5.291266,"Netherlands","NLD",2017,28.5,7.3769998550415,1.50394463539124,1.42893922328949,0.810696125030518,0.585384488105774,"0.470489829778671",0.282661825418472
60.472024,8.468946,"Norway","NOR",2017,27,7.53700017929077,1.61646318435669,1.53352355957031,0.796666502952576,0.635422587394714,"0.36201223731041",0.315963834524155
8.537981,-80.782127,"Panama","PAN",2017,49.9,6.4520001411438,1.23374843597412,1.37319254875183,0.706156134605408,0.550026834011078,"0.21055693924427",0.070983923971653
-9.189967,-75.015152,"Peru","PER",2017,43.3,5.71500015258789,1.03522527217865,1.21877038478851,0.630166113376617,0.450002878904343,"0.126819714903831",0.0470490865409374
51.919438,19.145136,"Poland","POL",2017,29.7,5.97300004959106,1.29178786277771,1.44571197032928,0.699475347995758,0.520342111587524,"0.158465966582298",0.0593078061938286
39.399872,-8.224454,"Portugal","PRT",2017,33.8,5.19500017166138,1.3151752948761,1.36704301834106,0.795843541622162,0.498465299606323,"0.0951027125120163",0.0158694516867399
-23.442503,-58.443832,"Paraguay","PRY",2017,48.5,5.49300003051758,0.932537317276001,1.50728487968445,0.579250693321228,0.473507791757584,"0.224150657653809",0.091065913438797
45.943161,24.96676,"Romania","ROU",2017,36,5.82499980926514,1.21768391132355,1.15009129047394,0.685158312320709,0.457003742456436,"0.133519917726517",0.00438790069893003
44.016521,21.005859,"Serbia","SRB",2017,36.2,5.39499998092651,1.06931757926941,1.25818979740143,0.65078467130661,0.208715528249741,"0.220125883817673",0.0409037806093693
60.128161,18.643501,"Sweden","SWE",2017,28.8,7.28399991989136,1.49438726902008,1.47816216945648,0.830875158309937,0.612924098968506,"0.385399252176285",0.384398728609085
46.151241,14.995463,"Slovenia","SVN",2017,24.2,5.75799989700317,1.3412059545517,1.45251882076263,0.790828227996826,0.572575807571411,"0.242649093270302",0.0451289787888527
5.152149,46.199616,"Somalia","SOM",2017,36.8,5.15100002288818,0.0226431842893362,0.721151351928711,0.113989137113094,0.602126955986023,"0.291631311178207",0.282410323619843
13.794185,-88.89653,"El Salvador","SLV",2017,38,6.00299978256226,0.909784495830536,1.18212509155273,0.596018552780151,0.432452529668808,"0.0782579854130745",0.0899809598922729
15.870032,100.992541,"Thailand","THA",2017,36.5,6.42399978637695,1.12786877155304,1.42579245567322,0.647239029407501,0.580200731754303,"0.572123110294342",0.0316127352416515
-6.369028,34.888822,"Tanzania","TZA",2017,40.5,3.34899997711182,0.511135876178741,1.04198980331421,0.364509284496307,0.390017777681351,"0.354256361722946",0.0660351067781448
48.379433,31.16558,"Ukraine","UKR",2017,26,4.09600019454956,0.89465194940567,1.39453756809235,0.575903952121735,0.122974775731564,"0.270061463117599",0.0230294708162546
37.09024,-95.712891,"United States","USA",2017,41.2,6.99300003051758,1.54625928401947,1.41992056369781,0.77428662776947,0.505740523338318,"0.392578780651093",0.135638788342476
-32.522779,-55.765835,"Uruguay","URY",2017,39.5,6.4539999961853,1.21755969524384,1.41222786903381,0.719216823577881,0.57939225435257,"0.175096929073334",0.178061872720718
42.602636,20.902977,"Kosovo","XKX",2017,29,5.27899980545044,0.951484382152557,1.13785350322723,0.541452050209045,0.260287940502167,"0.319931447505951",0.0574716180562973
-19.015438,29.154857,"Zimbabwe","ZWE",2017,44.3,3.875,0.375846534967422,1.08309590816498,0.196763753890991,0.336384207010269,"0.189143493771553",0.0953753814101219
23.424076,53.847818,"United Arab Emirates","ARE",2018,26,6.774,2.096,0.776,0.67,0.284,"N/A",0.186
41.153332,20.168331,"Albania","ALB",2018,30.1,4.586,0.916,0.817,0.79,0.419,"0.032",0.149
40.069099,45.038189,"Armenia","ARM",2018,34.4,4.321,0.816,0.99,0.666,0.26,"0.028",0.077
-11.202692,17.873887,"Angola","AGO",2018,51.3,3.795,0.73,1.125,0.269,0,"0.061",0.079
-38.416097,-63.616672,"Argentina","ARG",2018,41.3,6.388,1.073,1.468,0.744,0.57,"0.054",0.062
47.516231,14.550072,"Austria","AUT",2018,30.8,7.139,1.341,1.504,0.891,0.617,"0.224",0.242
-25.274398,133.775136,"Australia","AUS",2018,34.3,7.272,1.34,1.573,0.91,0.647,"0.302",0.361
50.503887,4.469936,"Belgium","BEL",2018,27.2,6.927,1.324,1.483,0.894,0.583,"0.240",0.188
12.238333,-1.561593,"Burkina Faso","BFA",2018,47.3,4.424,0.314,1.097,0.254,0.312,"0.128",0.175
42.733883,25.48583,"Bulgaria","BGR",2018,41.3,4.933,1.054,1.515,0.712,0.359,"0.009",0.064
9.30769,2.315834,"Benin","BEN",2018,37.8,4.141,0.378,0.372,0.24,0.44,"0.067",0.163
-16.290154,-63.588653,"Bolivia","BOL",2018,42.6,5.752,0.751,1.223,0.508,0.606,"0.054",0.141
-14.235004,-51.92528,"Brazil","BRA",2018,53.9,6.419,0.986,1.474,0.675,0.493,"0.088",0.11
53.709807,27.953389,"Belarus","BLR",2018,25.2,5.483,1.039,1.498,0.7,0.307,"0.154",0.101
46.818188,8.227512,"Switzerland","CHE",2018,33.1,7.487,1.42,1.549,0.927,0.66,"0.357",0.256
35.86166,104.195397,"China","CHN",2018,38.5,5.246,0.989,1.142,0.799,0.597,"0.103",0.029
4.570868,-74.297333,"Colombia","COL",2018,50.4,6.26,0.96,1.439,0.635,0.531,"0.039",0.099
9.748917,-83.753428,"Costa Rica","CRI",2018,48,7.072,1.01,1.459,0.817,0.632,"0.101",0.143
35.126413,33.429859,"Cyprus","CYP",2018,32.7,5.762,1.229,1.191,0.909,0.423,"0.035",0.202
51.165691,10.451526,"Germany","DEU",2018,31.7,6.965,1.34,1.474,0.861,0.586,"0.280",0.273
56.26392,9.501785,"Denmark","DNK",2018,28.2,7.555,1.351,1.59,0.868,0.683,"0.408",0.284
18.735693,-70.162651,"Dominican Republic","DOM",2018,43.7,5.302,0.982,1.441,0.614,0.578,"0.106",0.12
-1.831239,-78.183406,"Ecuador","ECU",2018,45.4,5.973,0.889,1.33,0.736,0.556,"0.120",0.114
58.595272,25.013607,"Estonia","EST",2018,30.3,5.739,1.2,1.532,0.737,0.553,"0.174",0.086
40.463667,-3.74922,"Spain","ESP",2018,34.7,6.31,1.251,1.538,0.965,0.449,"0.074",0.142
61.92411,25.748151,"Finland","FIN",2018,27.3,7.632,1.305,1.592,0.874,0.681,"0.393",0.202
46.227638,2.213749,"France","FRA",2018,32.4,6.489,1.293,1.466,0.908,0.52,"0.176",0.098
42.315407,43.356892,"Georgia","GEO",2018,36.4,4.34,0.853,0.592,0.643,0.375,"0.215",0.038
9.945587,-9.696645,"Guinea","GIN",2018,29.6,3.964,0.344,0.792,0.211,0.394,"0.094",0.185
39.074208,21.824312,"Greece","GRC",2018,32.9,5.358,1.154,1.202,0.879,0.131,"0.044",0
15.199999,-86.241905,"Honduras","HND",2018,48.9,5.504,0.62,1.205,0.622,0.459,"0.074",0.197
45.1,15.2,"Croatia","HRV",2018,29.7,5.321,1.115,1.161,0.737,0.38,"0.039",0.12
47.162494,19.503304,"Hungary","HUN",2018,29.6,5.62,1.171,1.401,0.732,0.259,"0.022",0.061
-0.789275,113.921327,"Indonesia","IDN",2018,38.4,5.093,0.899,1.215,0.522,0.538,"0.018",0.484
53.41291,-8.24389,"Ireland","IRL",2018,30.6,6.977,1.448,1.583,0.876,0.614,"0.306",0.307
31.046051,34.851612,"Israel","ISR",2018,38.6,6.814,1.301,1.559,0.883,0.533,"0.272",0.354
20.593684,78.96288,"India","IND",2018,34.6,4.19,0.721,0.747,0.485,0.539,"0.093",0.172
41.87194,12.56738,"Italy","ITA",2018,35.2,6,1.264,1.501,0.946,0.281,"0.028",0.137
48.019573,66.923684,"Kazakhstan","KAZ",2018,27.8,5.79,1.143,1.516,0.631,0.454,"0.121",0.148
55.169438,23.881275,"Lithuania","LTU",2018,35.7,5.952,1.197,1.527,0.716,0.35,"0.006",0.026
49.815273,6.129583,"Luxembourg","LUX",2018,35.4,6.91,1.576,1.52,0.896,0.632,"0.321",0.196
56.879635,24.603189,"Latvia","LVA",2018,35.1,5.933,1.148,1.454,0.671,0.363,"0.066",0.092
47.411631,28.369885,"Moldova","MDA",2018,25.7,5.64,0.657,1.301,0.62,0.232,"0.000",0.171
42.708678,19.37439,"Montenegro","MNE",2018,36.8,5.347,1.017,1.279,0.729,0.259,"0.081",0.111
17.570692,-3.996166,"Mali","MLI",2018,36.1,4.447,0.37,1.233,0.152,0.367,"0.056",0.139
46.862496,103.846656,"Mongolia","MNG",2018,32.7,5.125,0.914,1.517,0.575,0.395,"0.032",0.253
35.937496,14.375416,"Malta","MLT",2018,28.7,6.627,1.27,1.525,0.884,0.645,"0.142",0.376
23.634501,-102.552784,"Mexico","MEX",2018,46.7,6.488,1.038,1.252,0.761,0.479,"0.095",0.069
17.607789,8.081666,"Niger","NER",2018,37.3,4.166,0.131,0.867,0.221,0.39,"0.099",0.175
9.081999,8.675277,"Nigeria","NGA",2018,35.1,5.155,0.689,1.172,0.048,0.462,"0.032",0.201
52.132633,5.291266,"Netherlands","NLD",2018,28.1,7.441,1.361,1.488,0.878,0.638,"0.295",0.333
60.472024,8.468946,"Norway","NOR",2018,27.6,7.594,1.456,1.582,0.861,0.686,"0.340",0.286
8.537981,-80.782127,"Panama","PAN",2018,49.2,6.43,1.112,1.438,0.759,0.597,"0.063",0.125
-9.189967,-75.015152,"Peru","PER",2018,42.4,5.663,0.934,1.249,0.674,0.53,"0.034",0.092
12.879721,121.774017,"Philippines","PHL",2018,42.3,5.524,0.775,1.312,0.513,0.643,"0.105",0.12
30.375321,69.345116,"Pakistan","PAK",2018,29.6,5.472,0.652,0.81,0.424,0.334,"0.113",0.216
51.919438,19.145136,"Poland","POL",2018,30.2,6.123,1.176,1.448,0.781,0.546,"0.064",0.108
39.399872,-8.224454,"Portugal","PRT",2018,33.5,5.41,1.188,1.429,0.884,0.562,"0.017",0.055
-23.442503,-58.443832,"Paraguay","PRY",2018,46,5.681,0.835,1.522,0.615,0.541,"0.074",0.162
45.943161,24.96676,"Romania","ROU",2018,35.8,5.945,1.116,1.219,0.726,0.528,"0.001",0.088
44.016521,21.005859,"Serbia","SRB",2018,35,5.398,0.975,1.369,0.685,0.288,"0.043",0.134
60.128161,18.643501,"Sweden","SWE",2018,30,7.314,1.355,1.501,0.913,0.659,"0.383",0.285
46.151241,14.995463,"Slovenia","SVN",2018,24.6,5.948,1.219,1.506,0.856,0.633,"0.051",0.16
8.460555,-11.779889,"Sierra Leone","SLE",2018,35.7,4.571,0.256,0.813,0,0.355,"0.053",0.238
14.497401,-14.452362,"Senegal","SEN",2018,38.1,4.631,0.429,1.117,0.433,0.406,"0.082",0.138
13.794185,-88.89653,"El Salvador","SLV",2018,38.6,6.167,0.806,1.231,0.639,0.461,"0.082",0.065
15.454166,18.732207,"Chad","TCD",2018,37.5,4.301,0.358,0.907,0.053,0.189,"0.060",0.181
8.619543,0.824782,"Togo","TGO",2018,42.4,3.999,0.259,0.474,0.253,0.434,"0.101",0.158
15.870032,100.992541,"Thailand","THA",2018,36.4,6.072,1.016,1.417,0.707,0.637,"0.029",0.364
-6.369028,34.888822,"Tanzania","TZA",2018,40.5,3.303,0.455,0.991,0.381,0.481,"0.097",0.27
48.379433,31.16558,"Ukraine","UKR",2018,26.1,4.103,0.793,1.413,0.609,0.163,"0.011",0.187
37.09024,-95.712891,"United States","USA",2018,41.4,6.886,1.398,1.471,0.819,0.547,"0.133",0.291
-32.522779,-55.765835,"Uruguay","URY",2018,39.7,6.379,1.093,1.459,0.771,0.625,"0.155",0.13
14.058324,108.277199,"Vietnam","VNM",2018,35.7,5.103,0.715,1.365,0.702,0.618,"0.079",0.177
41.153332,20.168331,"Albania","ALB",2019,30.8,4.719,0.947,0.848,0.874,0.383,"0.027",0.178
40.069099,45.038189,"Armenia","ARM",2019,29.9,4.559,0.85,1.055,0.815,0.283,"0.064",0.095
-38.416097,-63.616672,"Argentina","ARG",2019,42.9,6.086,1.092,1.432,0.881,0.471,"0.05",0.066
47.516231,14.550072,"Austria","AUT",2019,30.2,7.246,1.376,1.475,1.016,0.532,"0.226",0.244
50.503887,4.469936,"Belgium","BEL",2019,27.2,6.923,1.356,1.504,0.986,0.473,"0.21",0.16
42.733883,25.48583,"Bulgaria","BGR",2019,40.3,5.011,1.092,1.513,0.815,0.311,"0.004",0.081
-16.290154,-63.588653,"Bolivia","BOL",2019,41.6,5.779,0.776,1.209,0.706,0.511,"0.064",0.137
-14.235004,-51.92528,"Brazil","BRA",2019,53.5,6.3,1.004,1.439,0.802,0.39,"0.086",0.099
53.709807,27.953389,"Belarus","BLR",2019,25.3,5.323,1.067,1.465,0.789,0.235,"0.142",0.094
35.86166,104.195397,"China","CHN",2019,38.2,5.191,1.029,1.125,0.893,0.521,"0.1",0.058
4.570868,-74.297333,"Colombia","COL",2019,51.3,6.125,0.985,1.41,0.841,0.47,"0.034",0.099
9.748917,-83.753428,"Costa Rica","CRI",2019,48.2,7.167,1.034,1.441,0.963,0.558,"0.093",0.144
35.126413,33.429859,"Cyprus","CYP",2019,31.2,6.046,1.263,1.223,1.042,0.406,"0.041",0.19
56.26392,9.501785,"Denmark","DNK",2019,27.7,7.6,1.383,1.573,0.996,0.592,"0.41",0.252
18.735693,-70.162651,"Dominican Republic","DOM",2019,41.9,5.425,1.015,1.401,0.779,0.497,"0.101",0.113
-1.831239,-78.183406,"Ecuador","ECU",2019,45.7,6.028,0.912,1.312,0.868,0.498,"0.087",0.126
58.595272,25.013607,"Estonia","EST",2019,30.8,5.893,1.237,1.528,0.874,0.495,"0.161",0.103
40.463667,-3.74922,"Spain","ESP",2019,34.3,6.354,1.286,1.484,1.062,0.362,"0.079",0.153
61.92411,25.748151,"Finland","FIN",2019,27.7,7.769,1.34,1.587,0.986,0.596,"0.393",0.153
42.315407,43.356892,"Georgia","GEO",2019,35.9,4.519,0.886,0.666,0.752,0.346,"0.164",0.043
39.074208,21.824312,"Greece","GRC",2019,33.1,5.287,1.181,1.156,0.999,0.067,"0.034",0
15.199999,-86.241905,"Honduras","HND",2019,48.2,5.86,0.642,1.236,0.828,0.507,"0.078",0.246
45.1,15.2,"Croatia","HRV",2019,28.9,5.432,1.155,1.266,0.914,0.296,"0.022",0.119
47.162494,19.503304,"Hungary","HUN",2019,30,5.758,1.201,1.41,0.828,0.199,"0.02",0.081
-0.789275,113.921327,"Indonesia","IDN",2019,37.6,5.192,0.931,1.203,0.66,0.491,"0.028",0.498
20.593684,78.96288,"India","IND",2019,35.7,4.015,0.755,0.765,0.588,0.498,"0.085",0.2
55.169438,23.881275,"Lithuania","LTU",2019,35.3,6.149,1.238,1.515,0.818,0.291,"0.042",0.043
49.815273,6.129583,"Luxembourg","LUX",2019,34.2,7.09,1.609,1.479,1.012,0.526,"0.316",0.194
56.879635,24.603189,"Latvia","LVA",2019,34.5,5.94,1.187,1.465,0.812,0.264,"0.064",0.075
47.411631,28.369885,"Moldova","MDA",2019,26,5.529,0.685,1.328,0.739,0.245,"0",0.181
35.937496,14.375416,"Malta","MLT",2019,31,6.726,1.3,1.52,0.999,0.564,"0.151",0.375
-13.254308,34.301525,"Malawi","MWI",2019,38.5,3.41,0.191,0.56,0.495,0.443,"0.089",0.218
52.132633,5.291266,"Netherlands","NLD",2019,29.2,7.488,1.396,1.522,0.999,0.557,"0.298",0.322
60.472024,8.468946,"Norway","NOR",2019,27.7,7.554,1.488,1.582,1.028,0.603,"0.341",0.271
8.537981,-80.782127,"Panama","PAN",2019,49.8,6.321,1.149,1.442,0.91,0.516,"0.054",0.109
-9.189967,-75.015152,"Peru","PER",2019,41.6,5.697,0.96,1.274,0.854,0.455,"0.027",0.083
39.399872,-8.224454,"Portugal","PRT",2019,32.8,5.693,1.221,1.431,0.999,0.508,"0.025",0.047
-23.442503,-58.443832,"Paraguay","PRY",2019,45.7,5.743,0.855,1.475,0.777,0.514,"0.08",0.184
45.943161,24.96676,"Romania","ROU",2019,34.8,6.07,1.162,1.232,0.825,0.462,"0.005",0.083
44.016521,21.005859,"Serbia","SRB",2019,34.5,5.603,1.004,1.383,0.854,0.282,"0.039",0.137
60.128161,18.643501,"Sweden","SWE",2019,29.3,7.343,1.387,1.487,1.009,0.574,"0.373",0.267
46.151241,14.995463,"Slovenia","SVN",2019,24.4,6.118,1.258,1.523,0.953,0.564,"0.057",0.144
13.794185,-88.89653,"El Salvador","SLV",2019,38.8,6.253,0.794,1.242,0.789,0.43,"0.074",0.093
15.870032,100.992541,"Thailand","THA",2019,34.9,6.008,1.05,1.409,0.828,0.557,"0.028",0.359
48.379433,31.16558,"Ukraine","UKR",2019,26.6,4.332,0.82,1.39,0.739,0.178,"0.01",0.187
1.373333,32.290275,"Uganda","UGA",2019,42.7,4.189,0.332,1.069,0.443,0.356,"0.06",0.252
37.09024,-95.712891,"United States","USA",2019,41.5,6.892,1.433,1.457,0.874,0.454,"0.128",0.28
-32.522779,-55.765835,"Uruguay","URY",2019,39.7,6.293,1.124,1.465,0.891,0.523,"0.15",0.127
-19.015438,29.154857,"Zimbabwe","ZWE",2019,50.3,3.663,0.366,1.114,0.433,0.361,"0.089",0.151
40.069099,45.038189,"Armenia","ARM",2020,25.2,4.676799774,9.100476265,0.757479429,0.77585727,0.712017834,"0.773544788",-0.13877961
-38.416097,-63.616672,"Argentina","ARG",2020,42.3,5.974699974,9.810955048,0.900567949,0.849773705,0.831132412,"0.842009842",-0.194913864
-16.290154,-63.588653,"Bolivia","BOL",2020,43.6,5.747499943,8.851115227,0.803108692,0.662445664,0.875873327,"0.822606206",-0.09168113
-14.235004,-51.92528,"Brazil","BRA",2020,48.9,6.375599861,9.56643486,0.896723807,0.766119063,0.799804807,"0.770601273",-0.101812392
53.709807,27.953389,"Belarus","BLR",2020,24.4,5.539899826,9.779945374,0.90674746,0.75258857,0.639163077,"0.63571167",-0.164926544
-35.675147,-71.542969,"Chile","CHL",2020,44.9,6.228499889,10.0320549,0.879713595,0.889260828,0.744896293,"0.838239431",-0.065668367
4.570868,-74.297333,"Colombia","COL",2020,54.2,6.163400173,9.500369072,0.884440243,0.810020149,0.836179912,"0.86457181",-0.161235645
9.748917,-83.753428,"Costa Rica","CRI",2020,49.3,7.121399879,9.658156395,0.901545942,0.939635336,0.934738934,"0.786332428",-0.10242971
18.735693,-70.162651,"Dominican Republic","DOM",2020,39.6,5.689199924,9.664880753,0.882085383,0.741901696,0.866202772,"0.755999923",-0.131263286
-1.831239,-78.183406,"Ecuador","ECU",2020,47.3,5.925199986,9.246058464,0.836418986,0.838837743,0.859828949,"0.801215112",-0.127014965
42.315407,43.356892,"Georgia","GEO",2020,34.5,4.672599792,9.226100922,0.629033029,0.694657624,0.801641524,"0.665944695",-0.22892037
-0.789275,113.921327,"Indonesia","IDN",2020,37.6,5.285600185,9.36975193,0.808379889,0.610437036,0.870614409,"0.876296401",0.519586504
23.634501,-102.552784,"Mexico","MEX",2020,45.4,6.465000153,9.797797203,0.838665426,0.831601024,0.858709276,"0.806821585",-0.175266623
-9.189967,-75.015152,"Peru","PER",2020,43.8,5.796800137,9.456313133,0.831075251,0.824444175,0.824766099,"0.893714964",-0.16238822
-23.442503,-58.443832,"Paraguay","PRY",2020,43.5,5.692100048,9.389982224,0.898727894,0.735869646,0.885923445,"0.834788501",0.007997713
15.870032,100.992541,"Thailand","THA",2020,35,5.998799801,9.741791725,0.889973223,0.793855846,0.905063033,"0.886272311",0.268685192
48.379433,31.16558,"Ukraine","UKR",2020,25.6,4.56069994,9.010690689,0.878879368,0.698674381,0.663081884,"0.920636714",-0.030933706
-32.522779,-55.765835,"Uruguay","URY",2020,40.2,6.440100193,9.948192596,0.92281127,0.856928885,0.892395437,"0.635994136",-0.101103112
-0.789275,113.921327,"Indonesia","IDN",2021,37.9,5.345,9.365,0.811,0.433,0.873,"0.867",0.542
